<?xml version="1.0" encoding="UTF-8"?>
<project-private xmlns="http://www.netbeans.org/ns/project-private/1">
    <editor-bookmarks xmlns="http://www.netbeans.org/ns/editor-bookmarks/2" lastBookmarkId="0"/>
    <open-files xmlns="http://www.netbeans.org/ns/projectui-open-files/2">
        <group>
            <file>file:/C:/Users/noobs/Documents/NetBeansKlausur/Java_Bestellshop_V3.2/src/java_bestellshop/Kunde.java</file>
            <file>file:/C:/Users/noobs/Documents/NetBeansKlausur/Java_Bestellshop_V3.2/src/java_bestellshop/Java_Bestellshop.java</file>
            <file>file:/C:/Users/noobs/Documents/NetBeansKlausur/Java_Bestellshop_V3.2/src/java_bestellshop/Produkt.java</file>
            <file>file:/C:/Users/noobs/Documents/NetBeansKlausur/Java_Bestellshop_V3.2/src/java_bestellshop/Elektronik.java</file>
            <file>file:/C:/Users/noobs/Documents/NetBeansKlausur/Java_Bestellshop_V3.2/src/java_bestellshop/Buch.java</file>
            <file>file:/C:/Users/noobs/Documents/NetBeansKlausur/Java_Bestellshop_V3.2/src/java_bestellshop/Bestellung.java</file>
            <file>file:/C:/Users/noobs/Documents/NetBeansKlausur/Java_Bestellshop_V3.2/src/java_bestellshop/Kleidung.java</file>
        </group>
    </open-files>
</project-private>
